boundary	fixing	at	level	location	status	status_as_published	cite
Aalenian	marked	EPSG:4326;41.1708,-1.8333	base of Bed FZ 107	Fuentelsaz, Spain	ratified	Ratified 2000	https://doi.org/10.18814/epiiugs/2001/v24i3/003
Aeronian	marked	EPSG:4326;49.923,-14.2119	within Želkovice Formation, 1.38 m above base	Hlásná Třebaň, Bohemia, Czech Republic	ratified	Ratified 2024; to replace Trefawr Track, Wales, UK former GSSP	https://doi.org/10.18814/epiiugs/1985/v8i2/005
Albian	marked	EPSG:4326;44.5079,5.2973	37.4 m above the base of the section and 0.4 m above the base of the laminated Niveau Kilian bed	Col de Pré-Guittard, Department of Drôme, southeastern France	ratified	Ratified 2016	https://doi.org/10.18814/epiiugs/2017/v40i3/017021
Anisian	marked	EPSG:4326;45.0742,28.8022	In Section B, the GSSP level will be either the FAD of conodont Chiosella timorensis at the base of Bed GR7 at ca. 7 m; OR the base of magnetozone MT1n at the 5.7 m level.	Candidate section at Desli Caira (Dobrogea, Romania); significant sections in Guizhou Province (China) and South Primorye (Russia)	proposed	Proposed	Krystyn, L., Richoz, S., & Bhargava, O. N. (2007). The Induan-Olenekian Boundary (IOB) in Mud–an update of the candidate GSSP section M04. Albertiana, 36, 33-45.
Aptian	marked			candidate is Gorgo a Cerbara, Piobbico, Umbria-Marche, central Italy	proposed	Proposed	
Aquitanian	marked	EPSG:4326;44.6589,8.8364	35m from the top of the section	Lemme-Carrosio Section, Allessandria Province, Italy	ratified	Ratified 1996	https://doi.org/10.18814/epiiugs/1997/v20i1/005
Artinskian	marked	EPSG:4326;53.88847,56.51615	0.6m above the base of bed 4b at the Dal'ny Tulkas section in the southern Urals of Russia	Dalny Tulkas section, Southern Ural Mts, Russia	ratified	Ratified 2022	https://doi.org/10.18814/epiiugs/2023/023015
Asselian	marked	EPSG:4326;50.2458,57.8914	27m above the base of Bed 19, Aidaralash Creek	Aidaralash Creek, Kazakhstan	ratified	Ratified 1996	https://doi.org/10.18814/epiiugs/1998/v21i1/003
Bajocian	marked	EPSG:4326;40.1992,-8.9042	base of Bed AB 11	Murtinheira Section, Cabo Mondego, Portugal	ratified	Ratified 1996	https://doi.org/10.18814/epiiugs/1997/v20i1/004
Barremian	marked	EPSG:4326;38.0704,-1.9484	base of Bed 171	Río Argos section near Caravaca, Murcia Province, Spain	ratified	Ratified 2023	https://doi.org/10.18814/epiiugs/2023/02330
Bartonian	marked			Contessa highway section near Gubio, Central Apennines, Italy	proposed	Proposed	
Bashkirian	marked	EPSG:4326;36.7333,-114.7778	82.9m above the top of the Battleship Formation in the lower Bird Spring Formation	Arrow Canyon, Nevada	ratified	Ratified 1996	https://doi.org/10.18814/epiiugs/1999/v22i4/003
Bathonian	marked	EPSG:4326;43.9606,6.3153	base of limestone bed RB07	Ravin du Bès, Bas-Auran area, Alpes de Haute Provence, France	ratified	Ratified 2008	https://doi.org/10.18814/epiiugs/2009/v32i4/001
Berriasian	marked				proposed	Proposed	
Burdigalian	marked			Potentially in astronomicallytuned ODP core	proposed	Proposed	
Calabrian	marked	EPSG:4326;39.0385,17.1348	base of the marine claystone overlying the sapropelic marker Bed 'e' (Mediterranean Precession Related Sapropel, MPRS 176)	Vrica, Italy	ratified	Ratified 1985 as base of Pleistocene; Ratified 2011 as base of Calabrian	https://doi.org/10.1016/j.quaint.2019.05.018
Callovian	marked			candidates are Pfeffingen (Swabian Alb, SW Germany) and in Russia	proposed	Proposed	
Calymmian	declared			Defined chronometrically	ratified	Ratified 1990	Episodes 1991; 14
CambrianSeries2	marked				proposed	Proposed	
CambrianStage10	marked			candidate section is Duibian (Zhejiang province, China)	proposed	Proposed	
CambrianStage2	marked				proposed	Proposed	
CambrianStage3	marked				proposed	Proposed	
CambrianStage4	marked			candidate sections are Wuliu-Zengjiayan (east Guizhou, China) and Split Mountain (Nevada, USA)	proposed	Proposed	
Campanian	marked	EPSG:4326;43.36267,12.58283	Level 221.53 m in the Bottaccione Gorge section at Gubbio, Umbria-Marche Basin, Italy	1.4 km NNE from the town of Gubbio, central Italy	ratified	Ratified 2022	https://doi.org/10.18814/epiiugs/2022/022048
Capitanian	marked	EPSG:4326;31.9091,-104.7892	4.5m above the base of the outcrop section of the Pinery Limestone Member of the Bell Canyon Formation	Nipple Hill, SE Guadalupe Mountains, Texas, U.S.A	ratified	Ratified 2001	http://stratigraphy.org/subcommission-permian/files/permophiles/20121027151852022.pdf
Carnian	marked	EPSG:4326;46.5269,11.9303	base of marly limestone bed SW4, 45m from base of San Cassiano Formation	Prati di Stuores, Dolomites, Italy	ratified	Ratified 2008	https://doi.org/10.18814/epiiugs/2012/v35i3/003
Cenomanian	marked	EPSG:4326;44.3925,5.5119	36 meters below the top of the Marnes Bleues Formation on the south side of Mont Risou	Mount Risou, Hautes-Alpes, France	ratified	Ratified 2002	https://doi.org/10.18814/epiiugs/2004/v27i1/003
Changhsingian	marked	EPSG:4326;31.0819,119.7064	base of Bed 4a- 2, 88 cm above the base of the Changxing Limestone at the Meishan D Section	Meishan, Zhejiang Province, China	ratified	Ratified 2005	https://doi.org/10.18814/epiiugs/2006/v29i3/003
Chattian	marked	EPSG:4326;43.646614,12.467731	Highest common occurrence (HCO) of Chiloguembelina cubensis	Monte Cagnero, Umbria-Marche region, Italy	ratified	Ratified 2016	https://doi.org/10.18814/epiiugs/2018/v41i1/018003
Chibanian	marked	EPSG:4326;35.2943,140.1465	lower boundary of the Byk-E tephra bed	Chiba section, Japan	ratified	Ratified 2020	https://doi.org/10.18814/epiiugs/2020/020080
Coniacian	marked	EPSG:4326;52.1243,10.3295	base of Bed 46 in the Salzgitter-Salder section	Salzgitter-Salder, Lower Saxony, Germany	ratified	Ratified 2021	https://doi.org/10.18814/epiiugs/2021/021022
Cryogenian	marked			Will be placed at a that lies stratigraphically beneath the first appearance of widespread glaciation and is assigned in the interim a 'calibrated age' of circa 720 Ma	proposed	Proposed	https://doi.org/10.18814/epiiugs/2016/v39i1/89231
Danian	marked	EPSG:4326;36.1537,8.6486	reddish layer at the base of the 50cm thick, dark boundary clay	Oued Djerfane, west of El Kef, Tunisia	ratified	Ratified 1991	https://doi.org/10.18814/epiiugs/2006/v29i4/004
Dapingian	marked	EPSG:4326;30.8605,110.374	10.57 m above base of the Dawan Formation	Huanghuachang Section, NE of Yichang city, Hubei Province, S. China	ratified	Ratified 2007	https://doi.org/10.18814/epiiugs/2005/v28i2/004
Darriwilian	marked	EPSG:4326;28.8539,118.4897	base of Bed AEP 184	Huangnitang section, Changshan, Zhejiang Province, SE China	ratified	Ratified 1987	https://doi.org/10.18814/epiiugs/1997/v20i3/003
Drumian	marked	EPSG:4326;39.5117,-112.9915	at the base of a dark-gray thinly laminated calcisiltite layer, 62 m above the base of the Wheeler Formation	Drum Mountains, Millard County, Utah, USA	ratified	Ratified 2006	https://doi.org/10.18814/epiiugs/2007/v30i2/003
Ectasian	declared			Defined chronometrically	ratified	Ratified 1990	Episodes 1991; 14
Ediacaran	marked	EPSG:4326;-31.3314,138.6334	base of the Marinoan cap carbonate	Enorama Creek, Flinders Ranges, South Australia	ratified	Ratified 1990	https://stratigraphy.org/gssps/files/ediacaran.pdf
Eifelian	marked	EPSG:4326;50.1496,6.4716	21.25m above the base of the exposed section, base of sample station WP30	Wetteldorf, Eifel Hills, Germany	ratified	Ratified 1985	https://doi.org/10.18814/epiiugs/1985/v8i2/006
Emsian	marked	EPSG:4326;39.2,67.3056	base of Bed 9/5	Zinzil'ban Gorge in the Kitab State Geological Reserve, Uzbekistan	ratified	Ratified 1995	https://doi.org/10.18814/epiiugs/1997/v20i4/005
Eoarchean	declared	EPSG:4326;65.1738,-115.5538	Acasta Gneiss Complex Fm., Slave Province, Canadian Shield	Defined chronometrically along Acasta River, Northwestern Territory, Canada	ratified	Ratified 2023	Episodes, forthcoming (formal GSSA)
Famennian	marked	EPSG:4326;43.4613,3.0403	Base of Bed 32a	Coumiac Quarry, near Cessenon, Montagne Noire, France	ratified	Ratified 1993	https://doi.org/10.18814/epiiugs/1993/v16i4/003
Floian	marked	EPSG:4326;58.3589,12.5024	in the lower Tøyen Shale, 2.1m above the top of the Cambrian	Diabasbrottet, Hunneberg, Sweden	ratified	Ratified 2002	https://doi.org/10.18814/epiiugs/2004/v27i4/005
Fortunian	marked	EPSG:4326;47.0762,-55.831	2.4m above the base of Member 2 in the Chapel Island Formation	Fortune Head, SE Newfoundland, Canada	ratified	Ratified 1992	https://doi.org/10.18814/epiiugs/1994/v17i1.2/002
Frasnian	marked	EPSG:4326;43.5032,3.0868	base of Bed 42' at Col du Puech de la Suque section E	Col du Puech de la Suque, Montage Noire, France	ratified	Ratified 1986	https://doi.org/10.18814/epiiugs/1987/v10i2/004
Gelasian	marked	EPSG:4326;37.1469,14.2035	base of marly layer overlying sapropel MPRS 250	Monte San Nicola, Sicily, Italy	ratified	Ratified 1996 as base of Gelasian; Ratified 2009 as base of Pleistocene and Quaternary	https://doi.org/10.1016/j.quaint.2019.05.018
Givetian	marked	EPSG:4326;31.2374,-4.3541	base of Bed 123	Jebel Mech Irdane, Morocco	ratified	Ratified 1994	https://doi.org/10.18814/epiiugs/1995/v18i3/002
Gorstian	marked	EPSG:4326;52.3592,-2.7772	coincident with the base of the Lower Elton Formation	near Ludlow, UK	ratified	Ratified 1980	https://doi.org/10.18814/epiiugs/1982/v5i3/004
Greenlandian	marked	EPSG:4326;75.1,-42.32	1492.45 m in the NGRIP2 ice core	North Greenland Ice Core Project, core NGRIP2, central Greenland ice sheet	ratified	Holocene GSSP ratifed 2008; Lower Holocene Subseries and Greenlandian Stage ratified: 2018	https://doi.org/10.18814/epiiugs/2008/v31i2/016
Guzhangian	marked	EPSG:4326;28.72,109.9647	121.3 m above the base of the Huaqiao Formation	Louyixi, Guzhang County, NW Hunan Province, S. China	ratified	Ratified 2008	https://doi.org/10.18814/epiiugs/2009/v32i1/006
Gzhelian	marked			candidates are in southern Urals or Nashui (south China).	proposed	Proposed	
Hadean	declared		Formation of planet Earth and sister Solar planets (protoplanetary disk), by proxy of ages obtained from primitive meteorites	Defined chronometrically Data in Amelin et al., 2010 (Allende); Connelly et. al., 2012 (Gujba). Allende meteorite (1969, Chihuahua, Mexico) Gujba meteorite (1984, Bogga Dingar, Nigeria)	ratified	Ratified 2022	https://doi.org/10.18814/epiiugs/2024/024002
Hauterivian	marked	EPSG:4326;44.4694,5.4437	base of bed 189 in the La Charce section	La Charce, Department of Drôme, southeastern France	ratified	Ratified 2019	https://doi.org/10.18814/epiiugs/2020/020072
Hettangian	marked	EPSG:4326;47.4839,11.5306	5.80 m above top of Koessen Formation	Kuhjoch section, Tyrol, Austria	ratified	Ratified 2010	https://doi.org/10.18814/epiiugs/2013/v36i3/001
Hirnantian	marked	EPSG:4326;30.9841,111.4197	0.39m below the base of the Kuanyinchiao Bed	Wangjiawan North section, N of Yichang city, Western Hubei Province, China	ratified	Ratified 2006	https://doi.org/10.18814/epiiugs/2006/v29i3/004
Homerian	marked	EPSG:4326;52.6156,-2.5647	within upper part of the Apedale Member of the Coalbrookdale Formation	Sheinton Brook, Homer, UK	ratified	Ratified 1980	https://doi.org/10.18814/epiiugs/1982/v5i3/004
Induan	marked	EPSG:4326;31.0798,119.7058	base of Bed 27c in the Meishan D Section	Meishan, Zhejiang Province, China	ratified	Ratified 2001	https://doi.org/10.18814/epiiugs/2001/v24i2/004
Jiangshanian	marked	EPSG:4326;28.8158,118.6149	28.2 m in Duibian B section	Duibian B section, Zhejiang province, China	ratified	Ratified 2011	https://doi.org/10.18814/epiiugs/2012/v35i4/002
Kasimovian	marked			candidates are in southern Urals, southwest USA and Nashui (south China).	proposed	Proposed	
Katian	marked	EPSG:4326;34.4305,-96.0746	4.0m above the base of the Bigfork Chert	Black Knob Ridge Section, Atoka, Oklahoma (USA)	ratified	Ratified 2006	https://doi.org/10.18814/epiiugs/2007/v30i4/002
Kimmeridgian	marked	EPSG:4326;57.661,-6.2455		Flodigarry, Isle of Skye, NW Scotland	ratified	Ratified 2021	https://doi.org/10.18814/epiiugs/2022/022046
Kungurian	marked			Candidate is Rockland, Nevada	proposed	Proposed	
Ladinian	marked	EPSG:4326;45.8193,10.471	base of a 15 - 20cm thick limestone bed overlying a distinctive groove (\"Chiesense groove\") of limestone nodules in a shaly matrix, located about 5m above the base of the Buchenstein Beds	Bagolino, Province of Brescia, Northern Italy	ratified	Ratified 2005	https://doi.org/10.18814/epiiugs/2005/v28i4/001
Langhian	marked	EPSG:4326;43.59193,13.56229	Mid-point of the darker marly interval above 'Megabed IV'	'Lower La Vedova Beach' section, near Ancona, Italy	ratified	Ratified 2023	https://doi.org/10.18814/epiiugs/2023/023024
Lochkovian	marked	EPSG:4326;49.9008,14.0611	within Bed 20	Klonk, near Prague, Czech Republic	ratified	Ratified 1972	https://doi.org/10.1007/BF02539792
Ludfordian	marked	EPSG:4326;52.3592,-2.7772	coincident with the base of the Leintwardine Formation	near Ludlow, UK	ratified	Ratified 1980	https://doi.org/10.18814/epiiugs/1982/v5i3/004
Lutetian	marked	EPSG:4326;43.3796,-3.0143	dark marl at 167.85 m in Gorrondatxe sea-cliff section	Gorrondatxe section, Basque Country, Spain	ratified	Ratified 2011	https://doi.org/10.18814/epiiugs/2011/v34i2/006
Maastrichtian	marked	EPSG:4326;43.6795,-1.1133	level 115.2 on platform IV of the geological site at Tercis les Bains	Tercis les Bains, Landes, France	ratified	Ratified 2001	https://doi.org/10.18814/epiiugs/2001/v24i4/002
Meghalayan	marked	EPSG:4326;25.262222,91.715	depth 7.45 mm in the speleothem KM-A	Mawmluh Cave, Meghalaya, India	ratified	Ratified 2018	https://doi.org/10.18814/epiiugs/2018/018016
Mesoarchean	declared			Defined chronometrically	proposed	Proposed	Informally in Episodes 1992; 15
Messinian	marked	EPSG:4326;33.9369,-6.8125	reddish layer of sedimentary cycle number 15	Oued Akrech, Morocco	ratified	Ratified 2000	https://doi.org/10.18814/epiiugs/2000/v23i3/004
Moscovian	marked			candidates are in southern Urals or Nashui (south China).	proposed	Proposed	
Neoarchean	declared			Defined chronometrically	proposed	Proposed	Informally in Episodes 1992; 15
Norian	marked			Candidates are Black Bear Ridge in British Columbia (Canada) and Pizzo Mondello, Sicily (Italy)	proposed	Proposed	
Northgrippian	marked	EPSG:4326;75.1,-42.32	1228.67 m in the NGRIP1 ice core	North Greenland Ice Core Project, core NGRIP1, central Greenland ice sheet	ratified	Ratified 2018	https://doi.org/10.18814/epiiugs/2018/018016
Olenekian	marked	EPSG:4326;31.9654,78.0246	base of Bed 13A-2, about 4.8m up in Mikin Formation., Section M04 (~4000 m elevation	Candidate GSSP Mud (Muth) village, Spiti valley, northwest India	proposed	Proposed	Krystyn, L., Richoz, S., & Bhargava, O. N. (2007). The Induan-Olenekian Boundary (IOB) in Mud–an update of the candidate GSSP section M04. Albertiana, 36, 33-45.
Orosirian	declared			Defined chronometrically	ratified	Ratified 1990	Episodes 1991; 14
Oxfordian	marked			candidates are Redcliff Point (Dorset, SW England) and Savouron (Provence, SE France)	proposed	Proposed	
Paibian	marked	EPSG:4326;28.3895,109.5257	at 396 m in the Huaqiao Formation	Wuling Mountains, Huayuan County, NW Hunan Province, Chin	ratified	Ratified 2003	https://stratigraphy.org/gssps/files/paibian.pdf
Paleoarchean	declared			Defined chronometrically	proposed	Proposed	Informally in Episodes 1992; 15
Piacenzian	marked	EPSG:4326;37.2889,13.4933	base of the beige marl bed of small-scale carbonate cycle 77 (MPRS 347)	Punta Piccola, Sicily, Italy	ratified	Ratified 1997	https://doi.org/10.18814/epiiugs/1998/v21i2/003
Pliensbachian	marked	EPSG:4326;54.4069,-0.4975	base of Bed 73b	Wine Haven, Robin Hood's Bay, Yorkshire Coast, England	ratified	Ratified 2005	https://doi.org/10.18814/epiiugs/2006/v29i2/003
Pragian	marked	EPSG:4326;50.0147,14.3726	base of Bed 12 in Velká Chuchle Quarry	Velká Chuchle, Prague, Czech Republic	ratified	Ratified 1989	https://doi.org/10.18814/epiiugs/1989/v12i2/014
Priabonian	marked	EPSG:4326;45.9142,11.918	The base of a prominent crystal tuff layer, the Tiziano bed, at meter 63.57	Alano section, Piave River; Veneto Prealps, Belluno province, N. Italy	ratified	Ratified 2020	https://doi.org/10.18814/epiiugs/2020/020074
Pridoli	marked	EPSG:4326;50.0277,14.3249	within Bed 96	Požáry Section, Reporyje, Prague, Czech Republic	ratified	Ratified 1984	https://doi.org/10.18814/epiiugs/1985/v8i2/005
Rhaetian	marked			Key sections in Austria, British Columbia (Canada), and Turkey	proposed	Proposed	
Rhuddanian	marked	EPSG:4326;55.44,-3.27	1.6m above the base of the Birkhill Shale Formation	Dob's Linn, Scotland	ratified	Ratified 1984	https://doi.org/10.18814/epiiugs/1985/v8i2/005
Rhyacian	declared			Defined chronometrically	ratified	Ratified 1990	Episodes 1991; 14
Roadian	marked	EPSG:4326;31.8767,-104.8768	42.7m above the base of the Cutoff Formation	Stratotype Canyon, Texas, U.S.A	ratified	Ratified 2001	http://stratigraphy.org/subcommission-permian/files/permophiles/20121027151852022.pdf
Rupelian	marked	EPSG:4326;43.5328,13.6011	base of a 0.5m thick greenishgrey marl bed 19m above base of section	Massignano, near Ancona, Italy	ratified	Ratified 1992	https://doi.org/10.18814/epiiugs/1993/v16i3/002
Sakmarian	marked	EPSG:4326;53.9247,56.7287	55.4 m (Bed 26/3) in the Usolka section	Usolka section, Southern Ural Mts, Russia	ratified	Ratified 2018	https://doi.org/10.18814/epiiugs/2020/020059
Sandbian	marked	EPSG:4326;55.7137,13.3255	1.4m below a phosphorite marker bed in the E14b outcrop	Sularp Brook, Fågelsång, Sweden	ratified	Ratified 2002	https://doi.org/10.18814/epiiugs/2000/v23i2/003
Santonian	marked	EPSG:4326;42.8668,-2.1968	94.4 m in the Cantera de Margas quarry section	Olazagutia, Navarra, Spain	ratified	Ratified 2013	https://doi.org/10.18814/epiiugs/2014/v37i1/001
Selandian	marked	EPSG:4326;43.3006,-2.2594	base of the red marls of Itzurun Formation	Zumaia section, northern Spain	ratified	Ratified 2008	https://doi.org/10.18814/epiiugs/2011/v34i4/002
Serpukhovian	marked			candidates are Verkhnyaya Kardailovka (Urals) or Nashui (China)	proposed	Proposed	
Serravallian	marked	EPSG:4326;35.9139,14.3361	formation boundary between the Globigerina Limestone and Blue Clay	Ras il Pellegrin section, Fomm Ir- Rih Bay, west coast of Malta	ratified	Ratified 2007	https://doi.org/10.18814/epiiugs/2009/v32i3/002
Sheinwoodian	marked	EPSG:4326;52.5811,-2.6389	base of the Buildwas Formation	Hughley Brook, UK	ratified	Ratified 1980	https://doi.org/10.18814/epiiugs/1982/v5i3/004
Siderian	declared			Defined chronometrically, but it will be replaced by GSSP	ratified	Ratified 1990	Episodes 1991; 14
Sinemurian	marked	EPSG:4326;51.1909,-3.2364	0.90 m above the base of Bed 145	East Quantoxhead, SW England	ratified	Ratified 2000	https://doi.org/10.18814/epiiugs/2002/v25i1/003
Statherian	declared			Defined chronometrically	ratified	Ratified 1990	Episodes 1991; 14
Stenian	declared			Defined chronometrically	ratified	Ratified 1990	Episodes 1991; 14
Telychian	marked	EPSG:4326;37.9853,-5.9285	Unnamed	El Pintado 1 Section, Sierra Norte de Sevilla, Spain	ratified	Ratified 2024 to replace Cefn-Cerig Rd, Wales, UK former GSSP	https://doi.org/10.18814/epiiugs/1985/v8i2/005
Thanetian	marked	EPSG:4326;43.3006,-2.2594	30.5m above the base of Itzurun Formation	Zumaia section, northern Spain	ratified	Ratified 2008	https://doi.org/10.18814/epiiugs/2011/v34i4/002
Tithonian	marked			candidates are Mt. Crussol or Canjuers (SE France) and Fornazzo (Sicily, S. Italy)	proposed	Proposed	
Toarcian	marked	EPSG:4326;39.3708,-9.3853	base of bed 15e (Couches de passage), uppermost Lemede Formation	Peniche (Portugal)	ratified	Ratified 2014	https://doi.org/10.18814/epiiugs/2016/v39i3/99741
Tonian	declared			Defined chronometrically	ratified	Ratified 1990	Episodes 1991; 14
Tortonian	marked	EPSG:4326;43.587292,13.5661724	mid-point of sapropel layer of basic cycle number 76.	Monte dei Corvi Beach, near Ancona, Italy	ratified	Ratified 2003	https://doi.org/10.18814/epiiugs/2005/v28i1/001
Tournaisian	marked	EPSG:4326;43.5555,3.3573	base of Bed 89 in Trench E' at La Serre, (but FAD now known to be at base of Bed 85)	La Serre, France	ratified	Ratified 1990	https://doi.org/10.18814/epiiugs/1991/v14i4/004
Tremadocian	marked	EPSG:4326;49.6829,-57.9653	at the 101.8m level, within Bed 23, in the measured section	Green Point Section, western Newfoundland	ratified	Ratified 2000	https://doi.org/10.18814/epiiugs/2001/v24i1/005
Turonian	marked	EPSG:4326;38.2822,-104.7275	base of Bed 86 of the Bridge Creek Limestone Member	Pueblo, Colorado, USA	ratified	Ratified 2003	https://doi.org/10.18814/epiiugs/2005/v28i2/003
UpperPleistocene	marked			GSSP not presently defined	proposed	Proposed	Head, M.J., Pillans, B., and Zalasiewicz, J.A., [submitted 2020]
Valanginian	marked			candidates are near Montbrunles- Bains (Drôme province, SE France) and Cañada Luenga (Betic Cordillera, S. Spain)	proposed	Proposed	
Visean	marked	EPSG:4326;24.4333,109.45	base of bed 83 in the Pengchong Section	Pengchong, south China	ratified	Ratified 2008	https://doi.org/10.18814/epiiugs/2003/v26i2/004
Wordian	marked	EPSG:4326;31.8658,-104.8328	7.6m above the base of the Getaway Ledge outcrop Section of the Getaway Limestone Member of the Cherry Canyon Formation	Guadalupe Pass, Texas, U.S.A	ratified	Ratified 2001	http://stratigraphy.org/subcommission-permian/files/permophiles/20121027151852022.pdf
Wuchiapingian	marked	EPSG:4326;23.6953,109.3211	base of Bed n6L in the newly exposed Penglaitan section	Penglaitan, Guanxi Province, South China	ratified	Ratified 2004, Redefinition ratified 2023	https://doi.org/10.18814/epiiugs/2006/v29i4/003
Ypresian	marked	EPSG:4326;25.5,32.5311	Base of Bed 1 in DBH subsection	Dababiya, near Luxor, Egypt	ratified	Ratified 2003	https://doi.org/10.18814/epiiugs/2007/v30i4/003
Zanclean	marked	EPSG:4326;37.3917,13.2806	base of the Trubi Formation which corresponds to Insolation cycle 510	Eraclea Minoa, Sicily, Italy	ratified	Ratified 2000	https://doi.org/10.18814/epiiugs/2000/v23i3/005
