code	name	category	vendor	docs	homepage	isced_f_2013	isco_08
samba	Samba	software	The Samba Team	https://www.samba.org/samba/docs/	https://www.samba.org/	0612	2522;2523;3513
active-directory	Active Directory (directory service model)	protocol	Microsoft (specification)	https://learn.microsoft.com/en-us/windows-server/identity/ad-ds/get-started/virtual-dc/active-directory-domain-services-overview	https://learn.microsoft.com/en-us/windows-server/identity/ad-ds/	0612	2522;2523
postfix	Postfix	software	Wietse Venema / the Postfix project	https://www.postfix.org/documentation.html	https://www.postfix.org/	0612	2522;3513
dovecot	Dovecot	software	Open-Xchange / Dovecot	https://doc.dovecot.org/	https://www.dovecot.org/	0612	2522;3513
amavis	Amavis (amavisd-new)	software	the Amavis project	https://gitlab.com/amavis/amavis	https://www.amavis.org/	0612	2522;2529
bind9	BIND 9	software	Internet Systems Consortium	https://bind9.readthedocs.io/en/latest/	https://www.isc.org/bind/	0612	2522;2523
docker	Docker	software	Docker, Inc.	https://docs.docker.com/	https://www.docker.com/	0612;0613	2522;2512;3511
prometheus	Prometheus	software	the Prometheus authors (CNCF)	https://prometheus.io/docs/	https://prometheus.io/	0612	2522;3511
alertmanager	Alertmanager	software	the Prometheus authors (CNCF)	https://prometheus.io/docs/alerting/latest/alertmanager/	https://prometheus.io/	0612	2522;3511
blackbox-exporter	blackbox_exporter	software	the Prometheus authors (CNCF)	https://github.com/prometheus/blackbox_exporter	https://prometheus.io/	0612	2522;3511
snmp-exporter	snmp_exporter	software	the Prometheus authors (CNCF)	https://github.com/prometheus/snmp_exporter	https://prometheus.io/	0612	2523;3513
node-exporter	node_exporter	software	the Prometheus authors (CNCF)	https://prometheus.io/docs/guides/node-exporter/	https://prometheus.io/	0612	2522;3511
grafana	Grafana	software	Grafana Labs	https://grafana.com/docs/grafana/latest/	https://grafana.com/	0612;0613	2522;3511
zabbix	Zabbix	software	Zabbix LLC	https://www.zabbix.com/documentation/current/en/manual	https://www.zabbix.com/	0612	2522;3511
routeros	MikroTik RouterOS	operating-system	MikroTik	https://help.mikrotik.com/docs/spaces/ROS/overview	https://mikrotik.com/software	0612	2523;3513
wireguard	WireGuard	protocol	Jason A. Donenfeld / the WireGuard project	https://www.wireguard.com/quickstart/	https://www.wireguard.com/	0612	2523;2529
openssh	OpenSSH	software	the OpenBSD project	https://www.openssh.com/manual.html	https://www.openssh.com/	0612	2522;2529
postgresql	PostgreSQL	software	The PostgreSQL Global Development Group	https://www.postgresql.org/docs/current/	https://www.postgresql.org/	0612	2521;2522
odoo	Odoo	software	Odoo S.A.	https://www.odoo.com/documentation/19.0/	https://www.odoo.com/	0613;0413	2512;2514;2511
python	Python	software	Python Software Foundation	https://docs.python.org/3/	https://www.python.org/	0613	2512;2514
git	Git	software	the Git project	https://git-scm.com/doc	https://git-scm.com/	0613	2512;2522
rsync	rsync	software	the rsync project	https://download.samba.org/pub/rsync/rsync.1	https://rsync.samba.org/	0612	2522;3511
slackware	Slackware Linux	operating-system	Slackware Linux, Inc.	https://docs.slackware.com/	http://www.slackware.com/	0612	2522
linux	Linux (kernel)	operating-system	the Linux kernel community	https://docs.kernel.org/	https://kernel.org/	0612;0613	2522;2512
windows-server	Windows Server	operating-system	Microsoft	https://learn.microsoft.com/en-us/windows-server/	https://www.microsoft.com/windows-server	0612	2522;3513
qnap-qts	QNAP QTS	operating-system	QNAP Systems	https://docs.qnap.com/operating-system/qts/5.2.x/en-us/	https://www.qnap.com/	0612	2522;3513
hikvision-isapi	Hikvision ISAPI	protocol	Hikvision	https://www.hikvision.com/	https://www.hikvision.com/	0612;0714	3513;7422
ffmpeg	FFmpeg	software	the FFmpeg project	https://ffmpeg.org/documentation.html	https://ffmpeg.org/	0613;0211	2512;3521
modbus	Modbus	protocol	Modbus Organization	https://www.modbus.org/specs.php	https://www.modbus.org/	0714	3113;7412
snmp	SNMP	protocol	IETF	https://datatracker.ietf.org/doc/html/rfc3411	https://www.ietf.org/	0612	2523;3513
smtp	SMTP	protocol	IETF	https://datatracker.ietf.org/doc/html/rfc5321	https://www.ietf.org/	0612	2522;2523
imap	IMAP	protocol	IETF	https://datatracker.ietf.org/doc/html/rfc9051	https://www.ietf.org/	0612	2522
dns	DNS	protocol	IETF	https://datatracker.ietf.org/doc/html/rfc1035	https://www.ietf.org/	0612	2523
smb	SMB / CIFS	protocol	Microsoft (specification)	https://learn.microsoft.com/en-us/openspecs/windows_protocols/ms-smb2/	https://learn.microsoft.com/en-us/openspecs/	0612	2522;2523
rtsp	RTSP	protocol	IETF	https://datatracker.ietf.org/doc/html/rfc7826	https://www.ietf.org/	0612;0211	3521;3513
spamassassin	Apache SpamAssassin	software	The Apache Software Foundation	https://spamassassin.apache.org/doc.html	https://spamassassin.apache.org/	0612	2522;2529
clamav	ClamAV	software	Cisco Talos	https://docs.clamav.net/	https://www.clamav.net/	0612	2522;2529
opendkim	OpenDKIM	software	The Trusted Domain Project	https://github.com/trusteddomainproject/OpenDKIM	https://github.com/trusteddomainproject/OpenDKIM	0612	2522;2529
opendmarc	OpenDMARC	software	The Trusted Domain Project	https://github.com/trusteddomainproject/OpenDMARC	https://github.com/trusteddomainproject/OpenDMARC	0612	2522;2529
roundcube	Roundcube Webmail	software	the Roundcube project	https://github.com/roundcube/roundcubemail/wiki	https://roundcube.net/	0612	2522
postfixadmin	PostfixAdmin	software	the PostfixAdmin project	https://github.com/postfixadmin/postfixadmin	https://github.com/postfixadmin/postfixadmin	0612	2522
mariadb	MariaDB Server	software	MariaDB Foundation	https://mariadb.com/kb/en/documentation/	https://mariadb.org/	0612	2521;2522
nginx	nginx	software	F5 / the nginx project	https://nginx.org/en/docs/	https://nginx.org/	0612	2522;2523
sieve	Sieve	protocol	IETF	https://datatracker.ietf.org/doc/html/rfc5228	https://www.ietf.org/	0612	2522
lmtp	LMTP	protocol	IETF	https://datatracker.ietf.org/doc/html/rfc2033	https://www.ietf.org/	0612	2522
spf	SPF	protocol	IETF	https://datatracker.ietf.org/doc/html/rfc7208	https://www.ietf.org/	0612	2522;2529
dkim	DKIM	protocol	IETF	https://datatracker.ietf.org/doc/html/rfc6376	https://www.ietf.org/	0612	2522;2529
dmarc	DMARC	protocol	IETF	https://datatracker.ietf.org/doc/html/rfc7489	https://www.ietf.org/	0612	2522;2529
tcp	Transmission Control Protocol (TCP)	protocol	IETF	https://datatracker.ietf.org/doc/html/rfc9293	https://www.ietf.org/	0612	2523;3513
udp	User Datagram Protocol (UDP)	protocol	IETF	https://datatracker.ietf.org/doc/html/rfc768	https://www.ietf.org/	0612	2523;3513
ipv4	Internet Protocol version 4 (IPv4)	protocol	IETF	https://datatracker.ietf.org/doc/html/rfc791	https://www.ietf.org/	0612	2523;3513
ipv6	Internet Protocol version 6 (IPv6)	protocol	IETF	https://datatracker.ietf.org/doc/html/rfc8200	https://www.ietf.org/	0612	2523;3513
icmp	Internet Control Message Protocol (ICMP)	protocol	IETF	https://datatracker.ietf.org/doc/html/rfc792	https://www.ietf.org/	0612	2523;3513
arp	Address Resolution Protocol (ARP)	protocol	IETF	https://datatracker.ietf.org/doc/html/rfc826	https://www.ietf.org/	0612	2523;3513
ssh	Secure Shell protocol (SSH)	protocol	IETF	https://datatracker.ietf.org/doc/html/rfc4251	https://www.ietf.org/	0612	2523;3513
http	Hypertext Transfer Protocol (HTTP)	protocol	IETF	https://datatracker.ietf.org/doc/html/rfc9110	https://www.ietf.org/	0612	2523;3513
pop3	Post Office Protocol version 3 (POP3)	protocol	IETF	https://datatracker.ietf.org/doc/html/rfc1939	https://www.ietf.org/	0612	2523;3513
pptp	Point-to-Point Tunneling Protocol (PPTP)	protocol	IETF	https://datatracker.ietf.org/doc/html/rfc2637	https://www.ietf.org/	0612	2523;3513
pppoe	PPP over Ethernet (PPPoE)	protocol	IETF	https://datatracker.ietf.org/doc/html/rfc2516	https://www.ietf.org/	0612	2523;3513
gre	Generic Routing Encapsulation (GRE)	protocol	IETF	https://datatracker.ietf.org/doc/html/rfc2784	https://www.ietf.org/	0612	2523;3513
ipsec	Security Architecture for the Internet Protocol (IPsec)	protocol	IETF	https://datatracker.ietf.org/doc/html/rfc4301	https://www.ietf.org/	0612	2523;3513
vxlan	Virtual eXtensible Local Area Network (VXLAN)	protocol	IETF	https://datatracker.ietf.org/doc/html/rfc7348	https://www.ietf.org/	0612	2523;3513
ospf	Open Shortest Path First (OSPF)	protocol	IETF	https://datatracker.ietf.org/doc/html/rfc2328	https://www.ietf.org/	0612	2523;3513
is-is	Intermediate System to Intermediate System (IS-IS), in IP environments	protocol	IETF	https://datatracker.ietf.org/doc/html/rfc1195	https://www.ietf.org/	0612	2523;3513
rip	Routing Information Protocol version 2 (RIP)	protocol	IETF	https://datatracker.ietf.org/doc/html/rfc2453	https://www.ietf.org/	0612	2523;3513
eigrp	Enhanced Interior Gateway Routing Protocol (EIGRP)	protocol	Cisco Systems (published through the IETF as informational)	https://datatracker.ietf.org/doc/html/rfc7868	https://www.ietf.org/	0612	2523;3513
bgp	Border Gateway Protocol 4 (BGP)	protocol	IETF	https://datatracker.ietf.org/doc/html/rfc4271	https://www.ietf.org/	0612	2523;3513
vrrp	Virtual Router Redundancy Protocol (VRRP)	protocol	IETF	https://datatracker.ietf.org/doc/html/rfc5798	https://www.ietf.org/	0612	2523;3513
dhcp	Dynamic Host Configuration Protocol (DHCP)	protocol	IETF	https://datatracker.ietf.org/doc/html/rfc2131	https://www.ietf.org/	0612	2523;3513
ntp	Network Time Protocol version 4 (NTP)	protocol	IETF	https://datatracker.ietf.org/doc/html/rfc5905	https://www.ietf.org/	0612	2523;3513
sftp	SSH File Transfer Protocol (SFTP)	protocol	IETF (secsh working group draft)	https://datatracker.ietf.org/doc/html/draft-ietf-secsh-filexfer-13	https://www.ietf.org/	0612	2522;2523
git-protocol	Git wire protocol	protocol	The Git project	https://git-scm.com/docs/protocol-v2	https://git-scm.com/	0613	2512;2522
mysql-protocol	MySQL client/server protocol	protocol	Oracle (MySQL)	https://dev.mysql.com/doc/dev/mysql-server/latest/PAGE_PROTOCOL.html	https://dev.mysql.com/	0612	2521;2522
ethernet	Ethernet (IEEE 802.3)	protocol	IEEE 802	https://www.ieee802.org/3/	https://www.ieee802.org/	0612;0714	2523;3513
dot1q	VLAN bridging (IEEE 802.1Q)	protocol	IEEE 802	https://1.ieee802.org/	https://www.ieee802.org/	0612;0714	2523;3513
stp	Spanning Tree protocols (IEEE 802.1D / 802.1Q)	protocol	IEEE 802	https://1.ieee802.org/	https://www.ieee802.org/	0612;0714	2523;3513
lldp	Link Layer Discovery Protocol (IEEE 802.1AB)	protocol	IEEE 802	https://1.ieee802.org/	https://www.ieee802.org/	0612;0714	2523;3513
