zone	countries	coordinates	comment
Africa/Abidjan	CI,BF,GH,GM,GN,IS,ML,MR,SH,SL,SN,TG	+0519-00402	
Africa/Algiers	DZ	+3647+00303	
Africa/Bissau	GW	+1151-01535	
Africa/Cairo	EG	+3003+03115	
Africa/Casablanca	MA	+3339-00735	
Africa/Ceuta	ES	+3553-00519	Ceuta, Melilla
Africa/El_Aaiun	EH	+2709-01312	
Africa/Johannesburg	ZA,LS,SZ	-2615+02800	
Africa/Juba	SS	+0451+03137	
Africa/Khartoum	SD	+1536+03232	
Africa/Lagos	NG,AO,BJ,CD,CF,CG,CM,GA,GQ,NE	+0627+00324	West Africa Time
Africa/Maputo	MZ,BI,BW,CD,MW,RW,ZM,ZW	-2558+03235	Central Africa Time
Africa/Monrovia	LR	+0618-01047	
Africa/Nairobi	KE,DJ,ER,ET,KM,MG,SO,TZ,UG,YT	-0117+03649	
Africa/Ndjamena	TD	+1207+01503	
Africa/Sao_Tome	ST	+0020+00644	
Africa/Tripoli	LY	+3254+01311	
Africa/Tunis	TN	+3648+01011	
Africa/Windhoek	NA	-2234+01706	
America/Adak	US	+515248-1763929	Alaska - western Aleutians
America/Anchorage	US	+611305-1495401	Alaska (most areas)
America/Araguaina	BR	-0712-04812	Tocantins
America/Argentina/Buenos_Aires	AR	-3436-05827	Buenos Aires (BA, CF)
America/Argentina/Catamarca	AR	-2828-06547	Catamarca (CT), Chubut (CH)
America/Argentina/Cordoba	AR	-3124-06411	most areas: CB, CC, CN, ER, FM, MN, SE, SF
America/Argentina/Jujuy	AR	-2411-06518	Jujuy (JY)
America/Argentina/La_Rioja	AR	-2926-06651	La Rioja (LR)
America/Argentina/Mendoza	AR	-3253-06849	Mendoza (MZ)
America/Argentina/Rio_Gallegos	AR	-5138-06913	Santa Cruz (SC)
America/Argentina/Salta	AR	-2447-06525	Salta (SA, LP, NQ, RN)
America/Argentina/San_Juan	AR	-3132-06831	San Juan (SJ)
America/Argentina/San_Luis	AR	-3319-06621	San Luis (SL)
America/Argentina/Tucuman	AR	-2649-06513	Tucumán (TM)
America/Argentina/Ushuaia	AR	-5448-06818	Tierra del Fuego (TF)
America/Asuncion	PY	-2516-05740	
America/Bahia	BR	-1259-03831	Bahia
America/Bahia_Banderas	MX	+2048-10515	Bahía de Banderas
America/Barbados	BB	+1306-05937	
America/Belem	BR	-0127-04829	Pará (east), Amapá
America/Belize	BZ	+1730-08812	
America/Boa_Vista	BR	+0249-06040	Roraima
America/Bogota	CO	+0436-07405	
America/Boise	US	+433649-1161209	Mountain - ID (south), OR (east)
America/Cambridge_Bay	CA	+690650-1050310	Mountain - NU (west)
America/Campo_Grande	BR	-2027-05437	Mato Grosso do Sul
America/Cancun	MX	+2105-08646	Quintana Roo
America/Caracas	VE	+1030-06656	
America/Cayenne	GF	+0456-05220	
America/Chicago	US	+415100-0873900	Central (most areas)
America/Chihuahua	MX	+2838-10605	Chihuahua (most areas)
America/Ciudad_Juarez	MX	+3144-10629	Chihuahua (US border - west)
America/Costa_Rica	CR	+0956-08405	
America/Coyhaique	CL	-4534-07204	Aysén Region
America/Cuiaba	BR	-1535-05605	Mato Grosso
America/Danmarkshavn	GL	+7646-01840	National Park (east coast)
America/Dawson	CA	+6404-13925	MST - Yukon (west)
America/Dawson_Creek	CA	+5546-12014	MST - BC (Dawson Cr, Ft St John)
America/Denver	US	+394421-1045903	Mountain (most areas)
America/Detroit	US	+421953-0830245	Eastern - MI (most areas)
America/Edmonton	CA	+5333-11328	CST - AB, BC(E), NT(E), SK(W)
America/Eirunepe	BR	-0640-06952	Amazonas (west)
America/El_Salvador	SV	+1342-08912	
America/Fort_Nelson	CA	+5848-12242	MST - BC (Ft Nelson)
America/Fortaleza	BR	-0343-03830	Brazil (northeast: MA, PI, CE, RN, PB)
America/Glace_Bay	CA	+4612-05957	Atlantic - NS (Cape Breton)
America/Goose_Bay	CA	+5320-06025	Atlantic - Labrador (most areas)
America/Grand_Turk	TC	+2128-07108	
America/Guatemala	GT	+1438-09031	
America/Guayaquil	EC	-0210-07950	Ecuador (mainland)
America/Guyana	GY	+0648-05810	
America/Halifax	CA	+4439-06336	Atlantic - NS (most areas), PE
America/Havana	CU	+2308-08222	
America/Hermosillo	MX	+2904-11058	Sonora
America/Indiana/Indianapolis	US	+394606-0860929	Eastern - IN (most areas)
America/Indiana/Knox	US	+411745-0863730	Central - IN (Starke)
America/Indiana/Marengo	US	+382232-0862041	Eastern - IN (Crawford)
America/Indiana/Petersburg	US	+382931-0871643	Eastern - IN (Pike)
America/Indiana/Tell_City	US	+375711-0864541	Central - IN (Perry)
America/Indiana/Vevay	US	+384452-0850402	Eastern - IN (Switzerland)
America/Indiana/Vincennes	US	+384038-0873143	Eastern - IN (Da, Du, K, Mn)
America/Indiana/Winamac	US	+410305-0863611	Eastern - IN (Pulaski)
America/Inuvik	CA	+682059-1334300	CST - NT (west)
America/Iqaluit	CA	+6344-06828	Eastern - NU (most areas)
America/Jamaica	JM	+175805-0764736	
America/Juneau	US	+581807-1342511	Alaska - Juneau area
America/Kentucky/Louisville	US	+381515-0854534	Eastern - KY (Louisville area)
America/Kentucky/Monticello	US	+364947-0845057	Eastern - KY (Wayne)
America/La_Paz	BO	-1630-06809	
America/Lima	PE	-1203-07703	
America/Los_Angeles	US	+340308-1181434	Pacific
America/Maceio	BR	-0940-03543	Alagoas, Sergipe
America/Managua	NI	+1209-08617	
America/Manaus	BR	-0308-06001	Amazonas (east)
America/Martinique	MQ	+1436-06105	
America/Matamoros	MX	+2550-09730	Coahuila, Nuevo León, Tamaulipas (US border)
America/Mazatlan	MX	+2313-10625	Baja California Sur, Nayarit (most areas), Sinaloa
America/Menominee	US	+450628-0873651	Central - MI (Wisconsin border)
America/Merida	MX	+2058-08937	Campeche, Yucatán
America/Metlakatla	US	+550737-1313435	Alaska - Annette Island
America/Mexico_City	MX	+1924-09909	Central Mexico
America/Miquelon	PM	+4703-05620	
America/Moncton	CA	+4606-06447	Atlantic - New Brunswick
America/Monterrey	MX	+2540-10019	Durango; Coahuila, Nuevo León, Tamaulipas (most areas)
America/Montevideo	UY	-345433-0561245	
America/New_York	US	+404251-0740023	Eastern (most areas)
America/Nome	US	+643004-1652423	Alaska (west)
America/Noronha	BR	-0351-03225	Atlantic islands
America/North_Dakota/Beulah	US	+471551-1014640	Central - ND (Mercer)
America/North_Dakota/Center	US	+470659-1011757	Central - ND (Oliver)
America/North_Dakota/New_Salem	US	+465042-1012439	Central - ND (Morton rural)
America/Nuuk	GL	+6411-05144	most of Greenland
America/Ojinaga	MX	+2934-10425	Chihuahua (US border - east)
America/Panama	PA,CA,KY	+0858-07932	EST - ON (Atikokan), NU (Coral H)
America/Paramaribo	SR	+0550-05510	
America/Phoenix	US,CA	+332654-1120424	MST - AZ (most areas), Creston BC
America/Port-au-Prince	HT	+1832-07220	
America/Porto_Velho	BR	-0846-06354	Rondônia
America/Puerto_Rico	PR,AG,CA,AI,AW,BL,BQ,CW,DM,GD,GP,KN,LC,MF,MS,SX,TT,VC,VG,VI	+182806-0660622	AST - QC (Lower North Shore)
America/Punta_Arenas	CL	-5309-07055	Magallanes Region
America/Rankin_Inlet	CA	+624900-0920459	Central - NU (central)
America/Recife	BR	-0803-03454	Pernambuco
America/Regina	CA	+5024-10439	CST - SK (most areas)
America/Resolute	CA	+744144-0944945	Central - NU (Resolute)
America/Rio_Branco	BR	-0958-06748	Acre
America/Santarem	BR	-0226-05452	Pará (west)
America/Santiago	CL	-3327-07040	most of Chile
America/Santo_Domingo	DO	+1828-06954	
America/Sao_Paulo	BR	-2332-04637	Brazil (southeast: GO, DF, MG, ES, RJ, SP, PR, SC, RS)
America/Scoresbysund	GL	+7029-02158	Scoresbysund/Ittoqqortoormiit
America/Sitka	US	+571035-1351807	Alaska - Sitka area
America/St_Johns	CA	+4734-05243	Newfoundland, Labrador (SE)
America/Swift_Current	CA	+5017-10750	CST - SK (midwest)
America/Tegucigalpa	HN	+1406-08713	
America/Thule	GL	+7634-06847	Thule/Pituffik
America/Tijuana	MX	+3232-11701	Baja California
America/Toronto	CA,BS	+4339-07923	Eastern - ON & QC (most areas)
America/Vancouver	CA	+4916-12307	MST - BC (most areas)
America/Whitehorse	CA	+6043-13503	MST - Yukon (east)
America/Winnipeg	CA	+4953-09709	Central - ON (west), Manitoba
America/Yakutat	US	+593249-1394338	Alaska - Yakutat
Antarctica/Casey	AQ	-6617+11031	Casey
Antarctica/Davis	AQ	-6835+07758	Davis
Antarctica/Macquarie	AU	-5430+15857	Macquarie Island
Antarctica/Mawson	AQ	-6736+06253	Mawson
Antarctica/Palmer	AQ	-6448-06406	Palmer
Antarctica/Rothera	AQ	-6734-06808	Rothera
Antarctica/Troll	AQ	-720041+0023206	Troll
Antarctica/Vostok	AQ	-7824+10654	Vostok
Asia/Almaty	KZ	+4315+07657	most of Kazakhstan
Asia/Amman	JO	+3157+03556	
Asia/Anadyr	RU	+6445+17729	MSK+09 - Bering Sea
Asia/Aqtau	KZ	+4431+05016	Mangghystaū/Mankistau
Asia/Aqtobe	KZ	+5017+05710	Aqtöbe/Aktobe
Asia/Ashgabat	TM	+3757+05823	
Asia/Atyrau	KZ	+4707+05156	Atyraū/Atirau/Gur’yev
Asia/Baghdad	IQ	+3321+04425	
Asia/Baku	AZ	+4023+04951	
Asia/Bangkok	TH,CX,KH,LA,VN	+1345+10031	north Vietnam
Asia/Barnaul	RU	+5322+08345	MSK+04 - Altai
Asia/Beirut	LB	+3353+03530	
Asia/Bishkek	KG	+4254+07436	
Asia/Chita	RU	+5203+11328	MSK+06 - Zabaykalsky
Asia/Colombo	LK	+0656+07951	
Asia/Damascus	SY	+3330+03618	
Asia/Dhaka	BD	+2343+09025	
Asia/Dili	TL	-0833+12535	
Asia/Dubai	AE,OM,RE,SC,TF	+2518+05518	Crozet
Asia/Dushanbe	TJ	+3835+06848	
Asia/Famagusta	CY	+3507+03357	Northern Cyprus
Asia/Gaza	PS	+3130+03428	Gaza Strip
Asia/Hebron	PS	+313200+0350542	West Bank
Asia/Ho_Chi_Minh	VN	+1045+10640	south Vietnam
Asia/Hong_Kong	HK	+2217+11409	
Asia/Hovd	MN	+4801+09139	Bayan-Ölgii, Hovd, Uvs
Asia/Irkutsk	RU	+5216+10420	MSK+05 - Irkutsk, Buryatia
Asia/Jakarta	ID	-0610+10648	Java, Sumatra
Asia/Jayapura	ID	-0232+14042	New Guinea (West Papua / Irian Jaya), Malukus/Moluccas
Asia/Jerusalem	IL	+314650+0351326	
Asia/Kabul	AF	+3431+06912	
Asia/Kamchatka	RU	+5301+15839	MSK+09 - Kamchatka
Asia/Karachi	PK	+2452+06703	
Asia/Kathmandu	NP	+2743+08519	
Asia/Khandyga	RU	+623923+1353314	MSK+06 - Tomponsky, Ust-Maysky
Asia/Kolkata	IN	+2232+08822	
Asia/Krasnoyarsk	RU	+5601+09250	MSK+04 - Krasnoyarsk area
Asia/Kuching	MY,BN	+0133+11020	Sabah, Sarawak
Asia/Macau	MO	+221150+1133230	
Asia/Magadan	RU	+5934+15048	MSK+08 - Magadan
Asia/Makassar	ID	-0507+11924	Borneo (east, south), Sulawesi/Celebes, Bali, Nusa Tengarra, Timor (west)
Asia/Manila	PH	+143512+1205804	
Asia/Nicosia	CY	+3510+03322	most of Cyprus
Asia/Novokuznetsk	RU	+5345+08707	MSK+04 - Kemerovo
Asia/Novosibirsk	RU	+5502+08255	MSK+04 - Novosibirsk
Asia/Omsk	RU	+5500+07324	MSK+03 - Omsk
Asia/Oral	KZ	+5113+05121	West Kazakhstan
Asia/Pontianak	ID	-0002+10920	Borneo (west, central)
Asia/Pyongyang	KP	+3901+12545	
Asia/Qatar	QA,BH	+2517+05132	
Asia/Qostanay	KZ	+5312+06337	Qostanay/Kostanay/Kustanay
Asia/Qyzylorda	KZ	+4448+06528	Qyzylorda/Kyzylorda/Kzyl-Orda
Asia/Riyadh	SA,AQ,KW,YE	+2438+04643	Syowa
Asia/Sakhalin	RU	+4658+14242	MSK+08 - Sakhalin Island
Asia/Samarkand	UZ	+3940+06648	Uzbekistan (west)
Asia/Seoul	KR	+3733+12658	
Asia/Shanghai	CN	+3114+12128	Beijing Time
Asia/Singapore	SG,AQ,MY	+0117+10351	peninsular Malaysia, Concordia
Asia/Srednekolymsk	RU	+6728+15343	MSK+08 - Sakha (E), N Kuril Is
Asia/Taipei	TW	+2503+12130	
Asia/Tashkent	UZ	+4120+06918	Uzbekistan (east)
Asia/Tbilisi	GE	+4143+04449	
Asia/Tehran	IR	+3540+05126	
Asia/Thimphu	BT	+2728+08939	
Asia/Tokyo	JP,AU	+353916+1394441	Eyre Bird Observatory
Asia/Tomsk	RU	+5630+08458	MSK+04 - Tomsk
Asia/Ulaanbaatar	MN	+4755+10653	most of Mongolia
Asia/Urumqi	CN	+4348+08735	Xinjiang Time
Asia/Ust-Nera	RU	+643337+1431336	MSK+07 - Oymyakonsky
Asia/Vladivostok	RU	+4310+13156	MSK+07 - Amur River
Asia/Yakutsk	RU	+6200+12940	MSK+06 - Lena River
Asia/Yangon	MM,CC	+1647+09610	
Asia/Yekaterinburg	RU	+5651+06036	MSK+02 - Urals
Asia/Yerevan	AM	+4011+04430	
Atlantic/Azores	PT	+3744-02540	Azores
Atlantic/Bermuda	BM	+3217-06446	
Atlantic/Canary	ES	+2806-01524	Canary Islands
Atlantic/Cape_Verde	CV	+1455-02331	
Atlantic/Faroe	FO	+6201-00646	
Atlantic/Madeira	PT	+3238-01654	Madeira Islands
Atlantic/South_Georgia	GS	-5416-03632	
Atlantic/Stanley	FK	-5142-05751	
Australia/Adelaide	AU	-3455+13835	South Australia
Australia/Brisbane	AU	-2728+15302	Queensland (most areas)
Australia/Broken_Hill	AU	-3157+14127	New South Wales (Yancowinna)
Australia/Darwin	AU	-1228+13050	Northern Territory
Australia/Eucla	AU	-3143+12852	Western Australia (Eucla)
Australia/Hobart	AU	-4253+14719	Tasmania
Australia/Lindeman	AU	-2016+14900	Queensland (Whitsunday Islands)
Australia/Lord_Howe	AU	-3133+15905	Lord Howe Island
Australia/Melbourne	AU	-3749+14458	Victoria
Australia/Perth	AU	-3157+11551	Western Australia (most areas)
Australia/Sydney	AU	-3352+15113	New South Wales (most areas)
Etc/UTC			Coordinated Universal Time: no place keeps it as civil time; for a reading in UTC itself
Europe/Andorra	AD	+4230+00131	
Europe/Astrakhan	RU	+4621+04803	MSK+01 - Astrakhan
Europe/Athens	GR	+3758+02343	
Europe/Belgrade	RS,BA,HR,ME,MK,SI	+4450+02030	
Europe/Berlin	DE,DK,NO,SE,SJ	+5230+01322	most of Germany
Europe/Brussels	BE,LU,NL	+5050+00420	
Europe/Bucharest	RO	+4426+02606	
Europe/Budapest	HU	+4730+01905	
Europe/Chisinau	MD	+4700+02850	
Europe/Dublin	IE	+5320-00615	
Europe/Gibraltar	GI	+3608-00521	
Europe/Helsinki	FI,AX	+6010+02458	
Europe/Istanbul	TR	+4101+02858	
Europe/Kaliningrad	RU	+5443+02030	MSK-01 - Kaliningrad
Europe/Kirov	RU	+5836+04939	MSK+00 - Kirov
Europe/Kyiv	UA	+5026+03031	most of Ukraine
Europe/Lisbon	PT	+3843-00908	Portugal (mainland)
Europe/London	GB,GG,IM,JE	+513030-0000731	
Europe/Madrid	ES	+4024-00341	Spain (mainland)
Europe/Malta	MT	+3554+01431	
Europe/Minsk	BY	+5354+02734	
Europe/Moscow	RU	+554521+0373704	MSK+00 - Moscow area
Europe/Paris	FR,MC	+4852+00220	
Europe/Prague	CZ,SK	+5005+01426	
Europe/Riga	LV	+5657+02406	
Europe/Rome	IT,SM,VA	+4154+01229	
Europe/Samara	RU	+5312+05009	MSK+01 - Samara, Udmurtia
Europe/Saratov	RU	+5134+04602	MSK+01 - Saratov
Europe/Simferopol	RU,UA	+4457+03406	Crimea
Europe/Sofia	BG	+4241+02319	
Europe/Tallinn	EE	+5925+02445	
Europe/Tirane	AL	+4120+01950	
Europe/Ulyanovsk	RU	+5420+04824	MSK+01 - Ulyanovsk
Europe/Vienna	AT	+4813+01620	
Europe/Vilnius	LT	+5441+02519	
Europe/Volgograd	RU	+4844+04425	MSK+00 - Volgograd
Europe/Warsaw	PL	+5215+02100	
Europe/Zurich	CH,DE,LI	+4723+00832	Büsingen
Indian/Chagos	IO	-0720+07225	
Indian/Maldives	MV,TF	+0410+07330	Kerguelen, St Paul I, Amsterdam I
Indian/Mauritius	MU	-2010+05730	
Pacific/Apia	WS	-1350-17144	
Pacific/Auckland	NZ,AQ	-3652+17446	New Zealand time
Pacific/Bougainville	PG	-0613+15534	Bougainville
Pacific/Chatham	NZ	-4357-17633	Chatham Islands
Pacific/Easter	CL	-2709-10926	Easter Island
Pacific/Efate	VU	-1740+16825	
Pacific/Fakaofo	TK	-0922-17114	
Pacific/Fiji	FJ	-1808+17825	
Pacific/Galapagos	EC	-0054-08936	Galápagos Islands
Pacific/Gambier	PF	-2308-13457	Gambier Islands
Pacific/Guadalcanal	SB,FM	-0932+16012	Pohnpei
Pacific/Guam	GU,MP	+1328+14445	
Pacific/Honolulu	US	+211825-1575130	Hawaii
Pacific/Kanton	KI	-0247-17143	Phoenix Islands
Pacific/Kiritimati	KI	+0152-15720	Line Islands
Pacific/Kosrae	FM	+0519+16259	Kosrae
Pacific/Kwajalein	MH	+0905+16720	Kwajalein
Pacific/Marquesas	PF	-0900-13930	Marquesas Islands
Pacific/Nauru	NR	-0031+16655	
Pacific/Niue	NU	-1901-16955	
Pacific/Norfolk	NF	-2903+16758	
Pacific/Noumea	NC	-2216+16627	
Pacific/Pago_Pago	AS,UM	-1416-17042	Midway
Pacific/Palau	PW	+0720+13429	
Pacific/Pitcairn	PN	-2504-13005	
Pacific/Port_Moresby	PG,AQ,FM	-0930+14710	Papua New Guinea (most areas), Chuuk, Yap, Dumont d’Urville
Pacific/Rarotonga	CK	-2114-15946	
Pacific/Tahiti	PF	-1732-14934	Society Islands
Pacific/Tarawa	KI,MH,TV,UM,WF	+0125+17300	Gilberts, Marshalls, Wake
Pacific/Tongatapu	TO	-210800-1751200	
